id,Anger,Disgust,Fear,Joy,Sadness,Surprise
ary_test_track_c_00001,1,0,0,0,0,0
ary_test_track_c_00002,0,0,0,0,0,0
ary_test_track_c_00003,0,0,0,1,1,0
ary_test_track_c_00004,1,1,0,0,1,0
ary_test_track_c_00005,0,0,0,0,1,0
ary_test_track_c_00006,0,0,0,0,0,0
ary_test_track_c_00007,0,0,0,0,0,0
ary_test_track_c_00008,0,0,0,1,0,0
ary_test_track_c_00009,0,1,0,0,0,1
ary_test_track_c_00010,1,1,0,0,0,0
ary_test_track_c_00011,1,1,0,0,0,0
ary_test_track_c_00012,1,1,0,0,0,0
ary_test_track_c_00013,1,1,1,0,0,0
ary_test_track_c_00014,0,0,0,0,0,0
ary_test_track_c_00015,1,1,0,0,0,0
ary_test_track_c_00016,0,0,0,0,0,0
ary_test_track_c_00017,0,0,1,0,1,1
ary_test_track_c_00018,1,0,0,0,1,0
ary_test_track_c_00019,0,0,0,1,0,0
ary_test_track_c_00020,0,0,0,0,0,0
ary_test_track_c_00021,0,0,0,0,0,0
ary_test_track_c_00022,1,1,0,0,0,0
ary_test_track_c_00023,0,0,0,1,0,0
ary_test_track_c_00024,0,0,0,0,0,1
ary_test_track_c_00025,1,0,0,0,1,0
ary_test_track_c_00026,1,1,0,0,0,0
ary_test_track_c_00027,0,0,0,0,1,0
ary_test_track_c_00028,1,0,0,0,0,0
ary_test_track_c_00029,0,0,0,1,0,0
ary_test_track_c_00030,0,0,0,0,0,0
ary_test_track_c_00031,0,0,0,1,0,1
ary_test_track_c_00032,0,0,0,1,0,1
ary_test_track_c_00033,0,1,0,0,0,0
ary_test_track_c_00034,0,0,0,0,1,0
ary_test_track_c_00035,1,1,1,0,0,0
ary_test_track_c_00036,1,1,0,0,1,0
ary_test_track_c_00037,0,0,0,0,0,0
ary_test_track_c_00038,0,0,0,0,0,0
ary_test_track_c_00039,0,0,0,0,0,0
ary_test_track_c_00040,0,0,0,0,1,0
ary_test_track_c_00041,1,1,0,0,0,0
ary_test_track_c_00042,0,0,1,0,1,0
ary_test_track_c_00043,0,0,0,0,0,0
ary_test_track_c_00044,0,0,0,0,0,0
ary_test_track_c_00045,1,0,0,0,0,0
ary_test_track_c_00046,1,1,0,0,0,0
ary_test_track_c_00047,1,0,0,0,1,0
ary_test_track_c_00048,0,0,0,0,0,0
ary_test_track_c_00049,1,0,0,0,0,0
ary_test_track_c_00050,1,1,0,0,0,0
ary_test_track_c_00051,1,0,0,0,0,0
ary_test_track_c_00052,1,0,0,0,0,0
ary_test_track_c_00053,0,0,0,1,0,0
ary_test_track_c_00054,0,0,0,0,0,0
ary_test_track_c_00055,1,1,0,0,0,0
ary_test_track_c_00056,1,1,0,0,0,0
ary_test_track_c_00057,1,1,0,0,0,0
ary_test_track_c_00058,1,1,0,0,0,0
ary_test_track_c_00059,0,0,0,0,0,1
ary_test_track_c_00060,0,0,0,1,0,0
ary_test_track_c_00061,0,0,0,0,0,1
ary_test_track_c_00062,1,0,0,0,1,0
ary_test_track_c_00063,0,0,0,0,0,0
ary_test_track_c_00064,1,1,0,0,0,0
ary_test_track_c_00065,1,0,0,0,0,0
ary_test_track_c_00066,0,0,0,1,0,0
ary_test_track_c_00067,0,0,0,1,0,0
ary_test_track_c_00068,0,0,0,1,0,0
ary_test_track_c_00069,1,0,0,0,0,0
ary_test_track_c_00070,0,0,0,0,1,0
ary_test_track_c_00071,0,0,1,0,1,0
ary_test_track_c_00072,1,1,1,0,0,0
ary_test_track_c_00073,0,0,0,0,1,0
ary_test_track_c_00074,1,1,1,0,1,0
ary_test_track_c_00075,1,1,0,0,0,0
ary_test_track_c_00076,1,0,0,0,0,1
ary_test_track_c_00077,0,0,0,0,0,0
ary_test_track_c_00078,1,0,0,0,1,0
ary_test_track_c_00079,0,0,0,0,0,0
ary_test_track_c_00080,1,1,0,0,0,0
ary_test_track_c_00081,0,0,0,0,0,0
ary_test_track_c_00082,0,0,0,1,0,0
ary_test_track_c_00083,0,1,0,0,0,0
ary_test_track_c_00084,1,1,0,0,0,0
ary_test_track_c_00085,0,1,0,0,0,1
ary_test_track_c_00086,0,0,1,0,1,0
ary_test_track_c_00087,0,0,0,0,0,0
ary_test_track_c_00088,0,0,0,1,0,0
ary_test_track_c_00089,0,0,0,1,0,0
ary_test_track_c_00090,1,0,0,0,0,0
ary_test_track_c_00091,0,0,0,1,0,0
ary_test_track_c_00092,1,1,0,0,0,0
ary_test_track_c_00093,0,0,0,0,0,0
ary_test_track_c_00094,0,0,0,1,0,1
ary_test_track_c_00095,0,0,0,0,0,1
ary_test_track_c_00096,0,0,0,1,0,0
ary_test_track_c_00097,1,1,0,0,0,0
ary_test_track_c_00098,1,0,0,0,0,0
ary_test_track_c_00099,1,1,1,0,0,0
ary_test_track_c_00100,1,1,0,0,0,0
ary_test_track_c_00101,0,0,0,1,0,0
ary_test_track_c_00102,0,0,0,0,1,0
ary_test_track_c_00103,0,0,0,0,0,1
ary_test_track_c_00104,0,0,0,1,0,0
ary_test_track_c_00105,0,0,0,1,0,0
ary_test_track_c_00106,1,1,0,0,0,0
ary_test_track_c_00107,0,0,0,1,0,0
ary_test_track_c_00108,0,0,0,0,0,0
ary_test_track_c_00109,1,0,0,0,1,0
ary_test_track_c_00110,1,1,0,0,0,0
ary_test_track_c_00111,1,0,0,0,1,0
ary_test_track_c_00112,1,1,0,0,0,0
ary_test_track_c_00113,0,1,0,0,0,0
ary_test_track_c_00114,0,0,1,0,0,1
ary_test_track_c_00115,0,0,0,0,0,0
ary_test_track_c_00116,1,1,0,0,0,0
ary_test_track_c_00117,1,1,0,0,1,0
ary_test_track_c_00118,0,1,0,0,0,1
ary_test_track_c_00119,0,0,0,0,0,0
ary_test_track_c_00120,0,0,0,0,1,1
ary_test_track_c_00121,0,0,0,1,0,0
ary_test_track_c_00122,0,0,0,0,0,0
ary_test_track_c_00123,1,1,0,0,1,0
ary_test_track_c_00124,1,1,0,0,0,0
ary_test_track_c_00125,0,0,0,0,0,0
ary_test_track_c_00126,0,0,0,1,0,0
ary_test_track_c_00127,0,0,1,0,0,1
ary_test_track_c_00128,1,0,0,0,0,0
ary_test_track_c_00129,1,0,0,1,0,0
ary_test_track_c_00130,0,0,1,0,0,0
ary_test_track_c_00131,1,1,0,0,0,0
ary_test_track_c_00132,1,1,0,0,0,0
ary_test_track_c_00133,1,1,0,0,0,0
ary_test_track_c_00134,1,0,1,0,1,0
ary_test_track_c_00135,1,0,0,0,0,0
ary_test_track_c_00136,1,1,0,0,0,0
ary_test_track_c_00137,0,0,1,0,0,1
ary_test_track_c_00138,0,0,0,0,0,0
ary_test_track_c_00139,0,0,0,1,0,0
ary_test_track_c_00140,0,0,1,0,1,0
ary_test_track_c_00141,1,0,0,0,1,0
ary_test_track_c_00142,0,0,0,0,0,0
ary_test_track_c_00143,0,0,0,1,0,0
ary_test_track_c_00144,1,0,0,0,1,1
ary_test_track_c_00145,1,1,0,0,0,0
ary_test_track_c_00146,0,0,0,1,0,0
ary_test_track_c_00147,1,1,0,0,0,0
ary_test_track_c_00148,0,0,1,0,1,0
ary_test_track_c_00149,1,1,0,0,1,0
ary_test_track_c_00150,0,0,0,0,1,0
ary_test_track_c_00151,1,0,0,0,0,1
ary_test_track_c_00152,0,0,0,0,0,0
ary_test_track_c_00153,0,0,1,0,0,0
ary_test_track_c_00154,0,0,0,0,0,0
ary_test_track_c_00155,0,0,0,0,0,0
ary_test_track_c_00156,1,1,0,0,0,0
ary_test_track_c_00157,0,0,0,0,1,0
ary_test_track_c_00158,0,0,0,0,0,0
ary_test_track_c_00159,0,0,0,0,0,0
ary_test_track_c_00160,0,0,0,1,0,0
ary_test_track_c_00161,0,0,0,0,0,0
ary_test_track_c_00162,0,0,0,0,1,0
ary_test_track_c_00163,0,0,0,1,0,1
ary_test_track_c_00164,0,0,0,1,0,0
ary_test_track_c_00165,0,0,0,1,0,0
ary_test_track_c_00166,1,1,0,0,0,0
ary_test_track_c_00167,1,1,1,0,0,0
ary_test_track_c_00168,0,0,1,0,0,0
ary_test_track_c_00169,0,1,0,0,0,0
ary_test_track_c_00170,0,0,0,0,0,0
ary_test_track_c_00171,1,0,0,0,1,0
ary_test_track_c_00172,1,1,0,0,0,0
ary_test_track_c_00173,0,0,1,0,0,0
ary_test_track_c_00174,0,0,0,0,1,0
ary_test_track_c_00175,1,1,0,0,0,0
ary_test_track_c_00176,0,0,0,0,0,1
ary_test_track_c_00177,1,1,0,0,0,0
ary_test_track_c_00178,1,0,0,0,1,0
ary_test_track_c_00179,1,1,0,0,0,0
ary_test_track_c_00180,0,0,0,0,0,0
ary_test_track_c_00181,1,0,0,0,1,0
ary_test_track_c_00182,0,0,0,1,0,0
ary_test_track_c_00183,1,1,0,0,1,0
ary_test_track_c_00184,0,1,0,0,0,0
ary_test_track_c_00185,0,0,0,1,0,0
ary_test_track_c_00186,1,0,0,0,0,0
ary_test_track_c_00187,0,0,0,0,1,0
ary_test_track_c_00188,0,0,0,1,0,0
ary_test_track_c_00189,0,0,0,1,0,0
ary_test_track_c_00190,1,0,0,1,0,0
ary_test_track_c_00191,1,1,0,0,0,0
ary_test_track_c_00192,0,0,0,0,0,0
ary_test_track_c_00193,0,0,1,0,1,0
ary_test_track_c_00194,0,0,0,1,0,0
ary_test_track_c_00195,0,0,0,0,0,0
ary_test_track_c_00196,1,1,0,0,0,0
ary_test_track_c_00197,0,0,0,0,0,1
ary_test_track_c_00198,0,0,0,0,0,0
ary_test_track_c_00199,0,0,0,0,0,0
ary_test_track_c_00200,1,0,0,0,0,0
ary_test_track_c_00201,0,0,1,0,1,1
ary_test_track_c_00202,0,0,0,0,0,0
ary_test_track_c_00203,0,1,1,0,0,0
ary_test_track_c_00204,1,0,0,0,1,0
ary_test_track_c_00205,0,0,0,0,0,0
ary_test_track_c_00206,0,0,0,0,1,0
ary_test_track_c_00207,0,0,0,1,0,0
ary_test_track_c_00208,0,0,1,0,0,0
ary_test_track_c_00209,0,0,0,0,0,0
ary_test_track_c_00210,0,0,0,0,1,1
ary_test_track_c_00211,1,1,0,0,0,0
ary_test_track_c_00212,1,1,0,0,0,0
ary_test_track_c_00213,0,0,0,1,0,0
ary_test_track_c_00214,0,1,0,0,0,1
ary_test_track_c_00215,0,0,0,1,0,0
ary_test_track_c_00216,1,0,1,0,0,0
ary_test_track_c_00217,1,1,0,0,0,0
ary_test_track_c_00218,0,0,0,0,1,0
ary_test_track_c_00219,0,0,0,0,1,0
ary_test_track_c_00220,0,1,1,0,0,1
ary_test_track_c_00221,1,1,0,0,0,0
ary_test_track_c_00222,1,1,0,0,0,0
ary_test_track_c_00223,0,1,0,0,0,0
ary_test_track_c_00224,0,0,1,0,1,0
ary_test_track_c_00225,0,0,0,0,0,0
ary_test_track_c_00226,0,0,0,0,1,0
ary_test_track_c_00227,1,1,0,0,0,1
ary_test_track_c_00228,0,0,0,0,0,0
ary_test_track_c_00229,0,0,0,0,0,0
ary_test_track_c_00230,1,1,0,0,1,0
ary_test_track_c_00231,1,1,0,0,0,0
ary_test_track_c_00232,0,0,0,0,0,0
ary_test_track_c_00233,1,1,0,0,0,0
ary_test_track_c_00234,0,0,0,1,0,0
ary_test_track_c_00235,1,1,0,0,0,0
ary_test_track_c_00236,1,1,1,0,0,0
ary_test_track_c_00237,0,0,0,1,0,0
ary_test_track_c_00238,0,0,0,1,0,0
ary_test_track_c_00239,1,1,0,0,0,0
ary_test_track_c_00240,1,1,0,0,0,0
ary_test_track_c_00241,0,0,0,0,0,0
ary_test_track_c_00242,0,0,0,0,0,0
ary_test_track_c_00243,0,0,0,0,1,0
ary_test_track_c_00244,0,0,1,0,1,0
ary_test_track_c_00245,1,0,0,0,0,0
ary_test_track_c_00246,0,0,0,0,0,0
ary_test_track_c_00247,0,0,0,0,0,1
ary_test_track_c_00248,0,0,1,0,1,0
ary_test_track_c_00249,0,0,0,1,0,0
ary_test_track_c_00250,0,1,0,0,0,1
ary_test_track_c_00251,0,0,0,0,0,0
ary_test_track_c_00252,0,0,1,0,0,1
ary_test_track_c_00253,0,0,0,0,0,0
ary_test_track_c_00254,0,0,0,0,1,0
ary_test_track_c_00255,0,0,0,0,0,0
ary_test_track_c_00256,1,1,0,0,0,0
ary_test_track_c_00257,0,0,0,0,0,1
ary_test_track_c_00258,0,0,0,1,0,0
ary_test_track_c_00259,0,0,0,1,0,0
ary_test_track_c_00260,1,1,0,0,1,0
ary_test_track_c_00261,1,0,1,0,1,0
ary_test_track_c_00262,1,0,0,0,1,0
ary_test_track_c_00263,1,1,0,0,1,0
ary_test_track_c_00264,0,0,0,0,0,0
ary_test_track_c_00265,0,0,1,0,1,1
ary_test_track_c_00266,0,0,0,1,0,0
ary_test_track_c_00267,0,0,0,0,0,0
ary_test_track_c_00268,0,0,0,0,0,0
ary_test_track_c_00269,0,0,1,0,1,0
ary_test_track_c_00270,1,1,0,0,0,0
ary_test_track_c_00271,0,0,0,0,0,0
ary_test_track_c_00272,1,1,0,0,0,0
ary_test_track_c_00273,1,0,0,0,0,0
ary_test_track_c_00274,1,0,0,0,1,0
ary_test_track_c_00275,0,0,0,0,0,0
ary_test_track_c_00276,0,0,1,0,0,1
ary_test_track_c_00277,0,0,0,0,0,0
ary_test_track_c_00278,1,0,0,0,1,0
ary_test_track_c_00279,0,0,0,0,0,0
ary_test_track_c_00280,0,0,0,0,1,0
ary_test_track_c_00281,1,1,0,0,0,0
ary_test_track_c_00282,0,0,0,0,0,1
ary_test_track_c_00283,0,0,0,0,0,1
ary_test_track_c_00284,0,0,0,1,0,0
ary_test_track_c_00285,1,1,0,0,0,0
ary_test_track_c_00286,1,0,1,0,0,0
ary_test_track_c_00287,1,0,0,0,0,0
ary_test_track_c_00288,0,1,0,0,0,1
ary_test_track_c_00289,0,0,0,0,0,0
ary_test_track_c_00290,0,0,0,0,0,1
ary_test_track_c_00291,1,0,0,0,0,0
ary_test_track_c_00292,0,0,0,0,0,0
ary_test_track_c_00293,1,0,1,0,0,0
ary_test_track_c_00294,1,1,0,0,0,0
ary_test_track_c_00295,0,0,0,0,0,1
ary_test_track_c_00296,1,1,0,0,0,0
ary_test_track_c_00297,0,0,0,0,0,0
ary_test_track_c_00298,0,0,0,0,1,0
ary_test_track_c_00299,0,0,0,1,0,0
ary_test_track_c_00300,0,0,0,0,1,0
ary_test_track_c_00301,1,1,0,0,0,0
ary_test_track_c_00302,1,1,0,0,0,1
ary_test_track_c_00303,1,1,0,0,0,0
ary_test_track_c_00304,0,0,0,0,0,0
ary_test_track_c_00305,0,0,1,0,1,0
ary_test_track_c_00306,1,1,0,0,0,0
ary_test_track_c_00307,0,0,1,0,0,0
ary_test_track_c_00308,1,0,0,1,0,1
ary_test_track_c_00309,0,0,1,0,0,0
ary_test_track_c_00310,0,1,0,0,1,0
ary_test_track_c_00311,0,0,0,0,0,0
ary_test_track_c_00312,0,0,0,1,0,0
ary_test_track_c_00313,0,0,0,0,0,0
ary_test_track_c_00314,0,0,0,0,0,1
ary_test_track_c_00315,1,1,0,0,1,0
ary_test_track_c_00316,1,1,0,0,0,0
ary_test_track_c_00317,1,1,0,0,1,0
ary_test_track_c_00318,1,1,0,0,1,0
ary_test_track_c_00319,1,1,0,0,0,0
ary_test_track_c_00320,0,0,0,1,0,0
ary_test_track_c_00321,1,0,0,0,1,0
ary_test_track_c_00322,1,1,0,0,0,0
ary_test_track_c_00323,0,0,0,0,0,0
ary_test_track_c_00324,0,0,0,0,0,0
ary_test_track_c_00325,0,0,0,0,0,0
ary_test_track_c_00326,0,0,0,1,0,1
ary_test_track_c_00327,0,0,0,1,0,0
ary_test_track_c_00328,0,0,0,0,0,0
ary_test_track_c_00329,0,0,0,0,0,0
ary_test_track_c_00330,0,0,0,1,0,0
ary_test_track_c_00331,0,0,0,0,0,1
ary_test_track_c_00332,0,0,1,0,1,0
ary_test_track_c_00333,0,0,0,0,1,0
ary_test_track_c_00334,1,1,0,0,0,0
ary_test_track_c_00335,0,0,0,0,0,0
ary_test_track_c_00336,0,1,0,0,0,1
ary_test_track_c_00337,0,0,0,0,0,0
ary_test_track_c_00338,0,0,0,1,0,0
ary_test_track_c_00339,0,0,0,1,0,0
ary_test_track_c_00340,0,0,0,0,0,1
ary_test_track_c_00341,0,0,0,0,0,0
ary_test_track_c_00342,1,0,0,0,1,0
ary_test_track_c_00343,1,0,0,0,0,0
ary_test_track_c_00344,1,1,0,0,1,0
ary_test_track_c_00345,0,0,1,0,0,1
ary_test_track_c_00346,1,1,0,0,0,0
ary_test_track_c_00347,1,1,0,0,0,0
ary_test_track_c_00348,0,1,0,0,0,1
ary_test_track_c_00349,1,1,0,0,0,0
ary_test_track_c_00350,1,1,1,0,0,0
ary_test_track_c_00351,0,0,0,0,0,0
ary_test_track_c_00352,0,0,1,0,0,0
ary_test_track_c_00353,0,0,0,0,0,0
ary_test_track_c_00354,1,1,0,0,0,0
ary_test_track_c_00355,0,1,0,0,1,0
ary_test_track_c_00356,1,1,0,0,0,0
ary_test_track_c_00357,0,0,0,0,1,0
ary_test_track_c_00358,1,1,0,0,1,0
ary_test_track_c_00359,0,0,0,1,0,0
ary_test_track_c_00360,0,0,0,0,0,0
ary_test_track_c_00361,0,1,0,0,1,0
ary_test_track_c_00362,1,1,0,0,0,0
ary_test_track_c_00363,1,0,0,0,0,0
ary_test_track_c_00364,0,0,0,0,0,0
ary_test_track_c_00365,1,1,0,0,0,0
ary_test_track_c_00366,1,1,0,0,0,0
ary_test_track_c_00367,0,0,1,0,0,0
ary_test_track_c_00368,0,0,0,0,0,0
ary_test_track_c_00369,0,0,1,0,1,1
ary_test_track_c_00370,1,1,0,0,0,0
ary_test_track_c_00371,0,0,0,0,0,0
ary_test_track_c_00372,0,0,1,0,0,1
ary_test_track_c_00373,1,0,0,0,0,0
ary_test_track_c_00374,0,0,0,1,0,0
ary_test_track_c_00375,0,0,0,0,1,0
ary_test_track_c_00376,0,0,0,1,0,0
ary_test_track_c_00377,0,0,0,1,0,0
ary_test_track_c_00378,1,1,0,0,0,0
ary_test_track_c_00379,1,0,1,0,0,0
ary_test_track_c_00380,0,0,0,0,0,1
ary_test_track_c_00381,0,0,0,0,0,0
ary_test_track_c_00382,0,0,0,0,0,0
ary_test_track_c_00383,0,0,0,1,0,0
ary_test_track_c_00384,0,0,0,1,0,0
ary_test_track_c_00385,1,0,0,0,0,0
ary_test_track_c_00386,0,0,1,0,0,1
ary_test_track_c_00387,0,1,0,0,0,0
ary_test_track_c_00388,1,1,0,0,0,1
ary_test_track_c_00389,1,1,0,0,0,0
ary_test_track_c_00390,0,0,1,0,1,0
ary_test_track_c_00391,0,1,0,0,1,0
ary_test_track_c_00392,0,0,0,1,0,0
ary_test_track_c_00393,0,0,0,1,0,0
ary_test_track_c_00394,0,0,0,1,0,0
ary_test_track_c_00395,1,1,0,0,1,0
ary_test_track_c_00396,0,0,0,0,0,0
ary_test_track_c_00397,0,0,0,0,0,1
ary_test_track_c_00398,1,1,0,0,0,0
ary_test_track_c_00399,1,0,0,0,0,0
ary_test_track_c_00400,0,1,0,0,0,1
ary_test_track_c_00401,0,0,0,0,0,0
ary_test_track_c_00402,0,0,1,0,1,0
ary_test_track_c_00403,0,0,0,0,1,0
ary_test_track_c_00404,1,0,0,0,0,0
ary_test_track_c_00405,0,1,0,1,0,0
ary_test_track_c_00406,1,1,0,0,1,0
ary_test_track_c_00407,1,0,1,0,1,0
ary_test_track_c_00408,0,0,1,0,0,1
ary_test_track_c_00409,1,1,0,0,0,0
ary_test_track_c_00410,0,0,0,0,0,0
ary_test_track_c_00411,1,1,0,0,0,0
ary_test_track_c_00412,1,0,0,0,1,1
ary_test_track_c_00413,1,0,0,0,0,0
ary_test_track_c_00414,0,1,0,0,0,1
ary_test_track_c_00415,1,1,0,0,0,0
ary_test_track_c_00416,0,0,0,0,0,0
ary_test_track_c_00417,0,0,0,1,0,0
ary_test_track_c_00418,1,0,0,0,0,0
ary_test_track_c_00419,1,0,1,0,0,0
ary_test_track_c_00420,1,0,0,0,0,0
ary_test_track_c_00421,0,0,0,1,0,0
ary_test_track_c_00422,1,0,0,0,0,0
ary_test_track_c_00423,1,1,0,0,1,0
ary_test_track_c_00424,0,0,0,0,0,0
ary_test_track_c_00425,0,0,0,1,0,0
ary_test_track_c_00426,1,0,0,0,1,0
ary_test_track_c_00427,1,0,0,0,0,0
ary_test_track_c_00428,1,0,0,0,1,0
ary_test_track_c_00429,0,0,0,1,0,0
ary_test_track_c_00430,0,0,0,0,0,0
ary_test_track_c_00431,0,0,0,0,0,0
ary_test_track_c_00432,1,1,0,0,0,0
ary_test_track_c_00433,1,0,0,0,1,0
ary_test_track_c_00434,1,1,0,0,0,0
ary_test_track_c_00435,0,1,0,0,0,0
ary_test_track_c_00436,0,0,0,0,0,1
ary_test_track_c_00437,0,0,0,0,0,0
ary_test_track_c_00438,1,1,0,0,1,0
ary_test_track_c_00439,1,1,0,0,0,0
ary_test_track_c_00440,1,0,0,0,0,0
ary_test_track_c_00441,1,0,0,0,0,0
ary_test_track_c_00442,0,0,0,1,0,0
ary_test_track_c_00443,0,1,0,0,0,1
ary_test_track_c_00444,0,0,0,0,0,0
ary_test_track_c_00445,1,1,0,0,0,0
ary_test_track_c_00446,1,0,0,0,0,0
ary_test_track_c_00447,1,0,0,0,1,1
ary_test_track_c_00448,0,0,0,0,0,0
ary_test_track_c_00449,0,0,0,0,0,0
ary_test_track_c_00450,1,0,0,0,1,0
ary_test_track_c_00451,0,0,0,0,0,0
ary_test_track_c_00452,1,1,0,0,0,0
ary_test_track_c_00453,1,1,0,0,0,0
ary_test_track_c_00454,0,0,0,0,0,1
ary_test_track_c_00455,1,0,0,0,1,0
ary_test_track_c_00456,0,0,0,0,0,0
ary_test_track_c_00457,1,1,0,0,0,1
ary_test_track_c_00458,0,0,0,0,0,0
ary_test_track_c_00459,0,0,0,0,1,0
ary_test_track_c_00460,1,0,0,0,1,0
ary_test_track_c_00461,0,1,0,1,0,0
ary_test_track_c_00462,1,0,1,0,0,0
ary_test_track_c_00463,0,1,0,0,1,0
ary_test_track_c_00464,1,1,0,0,0,0
ary_test_track_c_00465,1,0,0,0,0,0
ary_test_track_c_00466,0,0,0,0,0,0
ary_test_track_c_00467,0,0,0,0,0,0
ary_test_track_c_00468,1,1,1,0,1,0
ary_test_track_c_00469,0,0,0,0,0,0
ary_test_track_c_00470,0,0,0,0,0,0
ary_test_track_c_00471,0,0,0,0,0,0
ary_test_track_c_00472,0,0,0,0,0,0
ary_test_track_c_00473,0,0,0,0,0,0
ary_test_track_c_00474,1,1,0,0,0,0
ary_test_track_c_00475,0,0,0,0,0,0
ary_test_track_c_00476,1,0,1,0,1,0
ary_test_track_c_00477,1,0,0,0,1,0
ary_test_track_c_00478,0,0,0,0,0,1
ary_test_track_c_00479,0,0,0,0,1,0
ary_test_track_c_00480,1,0,0,0,0,0
ary_test_track_c_00481,1,1,0,0,0,0
ary_test_track_c_00482,1,1,0,0,0,0
ary_test_track_c_00483,0,1,1,0,0,1
ary_test_track_c_00484,1,0,0,0,0,0
ary_test_track_c_00485,0,0,0,1,0,0
ary_test_track_c_00486,1,0,1,0,0,1
ary_test_track_c_00487,0,0,0,1,0,0
ary_test_track_c_00488,0,0,0,0,0,1
ary_test_track_c_00489,1,0,1,0,0,0
ary_test_track_c_00490,0,0,0,1,0,0
ary_test_track_c_00491,1,1,0,0,0,0
ary_test_track_c_00492,0,0,0,0,1,0
ary_test_track_c_00493,0,0,0,0,1,0
ary_test_track_c_00494,1,1,0,0,1,0
ary_test_track_c_00495,0,0,0,1,0,0
ary_test_track_c_00496,0,0,0,1,0,0
ary_test_track_c_00497,0,0,1,0,0,0
ary_test_track_c_00498,0,0,0,1,0,0
ary_test_track_c_00499,0,1,0,0,0,1
ary_test_track_c_00500,1,1,0,0,0,0
ary_test_track_c_00501,1,0,1,0,0,0
ary_test_track_c_00502,0,0,1,0,0,0
ary_test_track_c_00503,1,0,1,0,0,0
ary_test_track_c_00504,0,0,0,0,0,0
ary_test_track_c_00505,0,1,0,0,0,0
ary_test_track_c_00506,1,1,0,0,0,0
ary_test_track_c_00507,0,0,0,0,0,0
ary_test_track_c_00508,1,1,0,0,0,0
ary_test_track_c_00509,0,0,0,0,0,0
ary_test_track_c_00510,0,0,1,0,1,0
ary_test_track_c_00511,1,1,0,0,1,0
ary_test_track_c_00512,1,0,0,0,1,0
ary_test_track_c_00513,1,1,0,0,0,0
ary_test_track_c_00514,0,0,0,0,0,0
ary_test_track_c_00515,1,1,1,0,1,0
ary_test_track_c_00516,0,0,0,0,0,1
ary_test_track_c_00517,1,1,1,0,0,0
ary_test_track_c_00518,0,0,1,0,1,0
ary_test_track_c_00519,0,0,0,1,0,0
ary_test_track_c_00520,1,1,0,0,0,0
ary_test_track_c_00521,1,1,0,0,0,1
ary_test_track_c_00522,0,0,0,0,0,0
ary_test_track_c_00523,0,1,0,0,0,0
ary_test_track_c_00524,1,1,0,0,0,0
ary_test_track_c_00525,0,0,0,1,0,0
ary_test_track_c_00526,1,1,0,0,0,0
ary_test_track_c_00527,1,0,0,0,1,0
ary_test_track_c_00528,0,0,0,1,1,0
ary_test_track_c_00529,0,0,1,0,1,0
ary_test_track_c_00530,0,0,0,0,0,0
ary_test_track_c_00531,0,0,0,1,0,0
ary_test_track_c_00532,0,0,0,1,0,0
ary_test_track_c_00533,0,0,0,1,0,0
ary_test_track_c_00534,0,0,1,0,1,0
ary_test_track_c_00535,0,0,0,0,0,0
ary_test_track_c_00536,0,0,1,0,0,1
ary_test_track_c_00537,1,1,0,0,1,0
ary_test_track_c_00538,1,1,0,0,1,0
ary_test_track_c_00539,0,0,0,0,0,0
ary_test_track_c_00540,0,0,0,1,0,0
ary_test_track_c_00541,1,1,0,0,0,0
ary_test_track_c_00542,0,0,0,0,1,0
ary_test_track_c_00543,0,0,0,1,0,0
ary_test_track_c_00544,0,0,1,0,0,0
ary_test_track_c_00545,1,1,0,0,0,0
ary_test_track_c_00546,1,1,0,0,0,0
ary_test_track_c_00547,1,0,0,0,1,0
ary_test_track_c_00548,1,1,0,0,0,0
ary_test_track_c_00549,0,0,1,0,1,0
ary_test_track_c_00550,0,1,0,0,0,1
ary_test_track_c_00551,1,0,0,0,0,0
ary_test_track_c_00552,1,1,0,0,1,0
ary_test_track_c_00553,1,0,1,0,1,0
ary_test_track_c_00554,0,0,0,0,0,0
ary_test_track_c_00555,1,1,0,0,0,1
ary_test_track_c_00556,0,0,1,0,0,1
ary_test_track_c_00557,0,0,0,1,0,0
ary_test_track_c_00558,0,0,0,0,0,1
ary_test_track_c_00559,0,0,1,0,1,0
ary_test_track_c_00560,1,0,0,0,0,0
ary_test_track_c_00561,1,1,0,0,0,0
ary_test_track_c_00562,0,0,1,0,1,0
ary_test_track_c_00563,0,0,0,1,0,0
ary_test_track_c_00564,1,1,0,0,1,0
ary_test_track_c_00565,1,0,0,0,0,0
ary_test_track_c_00566,0,0,0,1,0,0
ary_test_track_c_00567,0,0,0,1,0,0
ary_test_track_c_00568,1,1,0,0,1,0
ary_test_track_c_00569,0,0,0,1,0,0
ary_test_track_c_00570,0,0,0,0,0,0
ary_test_track_c_00571,0,0,0,0,0,0
ary_test_track_c_00572,0,0,1,0,0,0
ary_test_track_c_00573,1,1,0,0,0,0
ary_test_track_c_00574,1,1,1,0,0,0
ary_test_track_c_00575,0,0,0,0,0,0
ary_test_track_c_00576,0,0,0,1,0,0
ary_test_track_c_00577,0,0,1,0,1,0
ary_test_track_c_00578,0,0,1,0,1,0
ary_test_track_c_00579,1,1,0,0,0,0
ary_test_track_c_00580,0,0,0,1,0,0
ary_test_track_c_00581,0,0,0,0,0,0
ary_test_track_c_00582,0,0,0,0,0,0
ary_test_track_c_00583,0,0,0,1,0,0
ary_test_track_c_00584,1,0,1,0,0,0
ary_test_track_c_00585,0,0,0,0,0,0
ary_test_track_c_00586,1,0,0,0,1,0
ary_test_track_c_00587,1,1,1,0,0,0
ary_test_track_c_00588,0,0,0,1,0,0
ary_test_track_c_00589,1,1,0,0,0,0
ary_test_track_c_00590,1,0,0,0,1,0
ary_test_track_c_00591,1,1,0,0,1,0
ary_test_track_c_00592,0,0,0,1,0,0
ary_test_track_c_00593,1,1,0,0,0,0
ary_test_track_c_00594,0,0,0,0,0,1
ary_test_track_c_00595,1,0,1,0,0,0
ary_test_track_c_00596,1,0,1,0,0,1
ary_test_track_c_00597,0,0,0,0,1,0
ary_test_track_c_00598,1,0,0,0,1,0
ary_test_track_c_00599,0,0,1,0,0,0
ary_test_track_c_00600,1,1,0,0,0,0
ary_test_track_c_00601,0,0,0,1,0,0
ary_test_track_c_00602,1,1,0,0,0,0
ary_test_track_c_00603,0,0,0,0,1,0
ary_test_track_c_00604,0,0,0,1,0,0
ary_test_track_c_00605,0,0,0,1,0,0
ary_test_track_c_00606,1,1,0,0,0,0
ary_test_track_c_00607,1,1,1,0,0,0
ary_test_track_c_00608,0,0,0,0,0,0
ary_test_track_c_00609,1,1,0,0,0,0
ary_test_track_c_00610,0,0,0,0,0,0
ary_test_track_c_00611,0,0,0,1,0,0
ary_test_track_c_00612,1,1,0,0,0,0
ary_test_track_c_00613,0,0,1,0,0,0
ary_test_track_c_00614,0,0,0,1,0,1
ary_test_track_c_00615,0,0,0,1,0,0
ary_test_track_c_00616,1,1,0,0,0,0
ary_test_track_c_00617,0,0,0,1,0,1
ary_test_track_c_00618,0,0,0,0,0,0
ary_test_track_c_00619,0,0,0,1,0,0
ary_test_track_c_00620,0,0,0,0,0,0
ary_test_track_c_00621,0,0,1,0,1,0
ary_test_track_c_00622,0,0,0,1,0,1
ary_test_track_c_00623,0,0,0,1,0,0
ary_test_track_c_00624,1,1,0,0,0,0
ary_test_track_c_00625,0,0,0,0,1,0
ary_test_track_c_00626,0,0,0,1,0,0
ary_test_track_c_00627,0,0,0,1,0,0
ary_test_track_c_00628,0,0,0,1,0,0
ary_test_track_c_00629,0,0,0,0,1,1
ary_test_track_c_00630,1,1,0,0,0,0
ary_test_track_c_00631,0,0,0,0,0,0
ary_test_track_c_00632,1,0,1,0,0,0
ary_test_track_c_00633,0,0,0,1,0,0
ary_test_track_c_00634,1,0,0,0,0,0
ary_test_track_c_00635,1,1,1,0,0,0
ary_test_track_c_00636,0,0,0,0,1,0
ary_test_track_c_00637,1,1,1,0,0,0
ary_test_track_c_00638,1,1,0,0,0,0
ary_test_track_c_00639,1,1,0,0,0,0
ary_test_track_c_00640,0,0,0,0,0,1
ary_test_track_c_00641,0,0,0,0,0,0
ary_test_track_c_00642,0,0,0,0,0,0
ary_test_track_c_00643,1,1,0,0,0,0
ary_test_track_c_00644,1,1,0,0,0,0
ary_test_track_c_00645,0,0,1,0,0,0
ary_test_track_c_00646,0,0,0,1,0,0
ary_test_track_c_00647,0,0,0,0,0,0
ary_test_track_c_00648,1,0,0,0,0,0
ary_test_track_c_00649,0,0,0,1,0,0
ary_test_track_c_00650,1,1,0,0,0,1
ary_test_track_c_00651,1,1,0,0,0,0
ary_test_track_c_00652,1,1,0,0,0,0
ary_test_track_c_00653,0,0,0,1,0,0
ary_test_track_c_00654,0,1,1,0,1,1
ary_test_track_c_00655,0,0,0,0,0,0
ary_test_track_c_00656,1,1,0,0,0,0
ary_test_track_c_00657,1,0,0,0,1,0
ary_test_track_c_00658,0,0,0,1,0,0
ary_test_track_c_00659,1,1,0,0,1,0
ary_test_track_c_00660,1,1,1,0,0,0
ary_test_track_c_00661,0,1,0,0,0,1
ary_test_track_c_00662,0,0,1,0,0,1
ary_test_track_c_00663,0,0,0,0,0,0
ary_test_track_c_00664,1,1,0,0,0,0
ary_test_track_c_00665,0,0,0,0,0,0
ary_test_track_c_00666,0,1,0,0,0,0
ary_test_track_c_00667,0,0,0,0,0,0
ary_test_track_c_00668,0,0,0,1,0,0
ary_test_track_c_00669,1,1,0,0,0,0
ary_test_track_c_00670,1,1,0,0,0,0
ary_test_track_c_00671,1,1,0,0,0,0
ary_test_track_c_00672,1,1,0,0,0,0
ary_test_track_c_00673,0,0,1,0,0,1
ary_test_track_c_00674,0,0,0,0,1,0
ary_test_track_c_00675,1,0,0,0,0,0
ary_test_track_c_00676,1,0,0,0,0,0
ary_test_track_c_00677,0,0,1,0,1,0
ary_test_track_c_00678,1,1,0,1,0,0
ary_test_track_c_00679,0,0,0,0,0,0
ary_test_track_c_00680,1,1,1,0,0,1
ary_test_track_c_00681,0,0,0,0,0,1
ary_test_track_c_00682,0,0,0,1,0,0
ary_test_track_c_00683,0,0,1,0,0,0
ary_test_track_c_00684,0,0,0,0,0,1
ary_test_track_c_00685,1,1,0,0,0,0
ary_test_track_c_00686,0,0,0,0,1,0
ary_test_track_c_00687,1,0,0,0,0,0
ary_test_track_c_00688,1,0,0,0,0,0
ary_test_track_c_00689,1,1,0,0,1,1
ary_test_track_c_00690,1,1,0,0,0,0
ary_test_track_c_00691,0,0,0,0,1,0
ary_test_track_c_00692,1,0,1,0,0,0
ary_test_track_c_00693,0,0,1,0,0,0
ary_test_track_c_00694,0,1,0,0,0,0
ary_test_track_c_00695,0,0,0,0,0,0
ary_test_track_c_00696,1,0,1,0,0,0
ary_test_track_c_00697,0,0,0,0,0,0
ary_test_track_c_00698,1,1,0,0,0,0
ary_test_track_c_00699,0,0,0,1,0,1
ary_test_track_c_00700,1,1,0,0,1,0
ary_test_track_c_00701,1,1,0,0,0,0
ary_test_track_c_00702,1,0,1,0,0,0
ary_test_track_c_00703,0,0,1,0,0,1
ary_test_track_c_00704,0,0,0,1,0,0
ary_test_track_c_00705,0,0,0,1,0,0
ary_test_track_c_00706,1,0,1,0,0,1
ary_test_track_c_00707,1,1,0,0,0,0
ary_test_track_c_00708,0,0,0,0,0,1
ary_test_track_c_00709,1,1,0,0,1,0
ary_test_track_c_00710,0,0,1,0,0,0
ary_test_track_c_00711,0,0,0,0,0,0
ary_test_track_c_00712,0,0,0,0,0,0
ary_test_track_c_00713,1,1,0,0,1,0
ary_test_track_c_00714,1,1,0,0,0,0
ary_test_track_c_00715,0,0,1,0,0,0
ary_test_track_c_00716,1,0,1,0,1,0
ary_test_track_c_00717,0,0,0,0,0,0
ary_test_track_c_00718,0,0,1,0,1,1
ary_test_track_c_00719,1,0,0,0,0,0
ary_test_track_c_00720,1,1,0,0,0,0
ary_test_track_c_00721,0,0,0,0,0,1
ary_test_track_c_00722,0,0,1,0,0,1
ary_test_track_c_00723,1,0,0,0,0,0
ary_test_track_c_00724,0,0,0,1,0,0
ary_test_track_c_00725,0,0,0,0,0,0
ary_test_track_c_00726,0,0,0,1,0,0
ary_test_track_c_00727,1,1,0,0,0,0
ary_test_track_c_00728,0,0,0,0,1,0
ary_test_track_c_00729,1,1,0,0,0,0
ary_test_track_c_00730,0,0,0,0,0,0
ary_test_track_c_00731,0,0,0,0,1,1
ary_test_track_c_00732,0,0,0,1,0,1
ary_test_track_c_00733,0,0,0,1,0,0
ary_test_track_c_00734,1,1,0,0,0,0
ary_test_track_c_00735,0,0,0,0,1,0
ary_test_track_c_00736,0,0,0,0,0,0
ary_test_track_c_00737,0,1,0,0,1,0
ary_test_track_c_00738,0,0,0,0,0,0
ary_test_track_c_00739,0,0,0,0,1,0
ary_test_track_c_00740,1,1,0,0,0,0
ary_test_track_c_00741,1,1,0,0,0,0
ary_test_track_c_00742,0,0,0,0,0,0
ary_test_track_c_00743,0,0,0,0,1,0
ary_test_track_c_00744,1,1,0,0,1,0
ary_test_track_c_00745,0,0,1,0,1,0
ary_test_track_c_00746,0,0,0,0,0,1
ary_test_track_c_00747,0,0,0,0,0,0
ary_test_track_c_00748,0,0,0,0,0,1
ary_test_track_c_00749,0,0,0,0,0,1
ary_test_track_c_00750,1,1,0,0,1,0
ary_test_track_c_00751,1,1,0,0,0,0
ary_test_track_c_00752,0,0,0,0,1,0
ary_test_track_c_00753,0,0,0,1,0,0
ary_test_track_c_00754,0,0,1,0,0,1
ary_test_track_c_00755,0,0,0,0,1,0
ary_test_track_c_00756,1,1,0,0,1,0
ary_test_track_c_00757,0,0,0,1,0,0
ary_test_track_c_00758,1,0,0,0,1,1
ary_test_track_c_00759,0,0,0,0,0,0
ary_test_track_c_00760,1,1,0,0,0,0
ary_test_track_c_00761,1,1,1,0,0,0
ary_test_track_c_00762,0,0,0,0,0,0
ary_test_track_c_00763,0,0,0,1,0,0
ary_test_track_c_00764,1,1,1,0,1,1
ary_test_track_c_00765,0,0,0,1,0,0
ary_test_track_c_00766,0,0,0,1,0,0
ary_test_track_c_00767,1,1,0,0,1,0
ary_test_track_c_00768,0,0,0,0,0,0
ary_test_track_c_00769,0,0,0,1,0,1
ary_test_track_c_00770,0,0,1,0,1,1
ary_test_track_c_00771,1,1,0,0,0,0
ary_test_track_c_00772,1,1,0,0,0,0
ary_test_track_c_00773,0,0,1,0,0,1
ary_test_track_c_00774,1,1,0,0,0,0
ary_test_track_c_00775,0,0,1,0,0,0
ary_test_track_c_00776,0,0,1,0,0,0
ary_test_track_c_00777,0,0,0,0,1,0
ary_test_track_c_00778,0,0,0,0,0,0
ary_test_track_c_00779,0,0,1,0,0,0
ary_test_track_c_00780,0,0,0,0,1,0
ary_test_track_c_00781,1,1,0,0,0,0
ary_test_track_c_00782,0,0,1,0,1,0
ary_test_track_c_00783,0,0,0,1,1,1
ary_test_track_c_00784,0,0,1,0,1,1
ary_test_track_c_00785,1,1,0,0,0,0
ary_test_track_c_00786,0,0,0,0,0,0
ary_test_track_c_00787,1,1,0,0,0,0
ary_test_track_c_00788,0,0,0,0,0,0
ary_test_track_c_00789,1,0,0,0,0,1
ary_test_track_c_00790,1,1,0,0,0,0
ary_test_track_c_00791,0,0,0,0,0,0
ary_test_track_c_00792,0,0,0,0,0,1
ary_test_track_c_00793,0,0,0,1,0,1
ary_test_track_c_00794,0,0,0,0,0,0
ary_test_track_c_00795,1,1,0,0,1,0
ary_test_track_c_00796,0,0,0,0,1,0
ary_test_track_c_00797,1,1,0,0,0,0
ary_test_track_c_00798,0,0,0,1,0,0
ary_test_track_c_00799,1,0,1,0,0,0
ary_test_track_c_00800,0,0,0,1,0,0
ary_test_track_c_00801,0,0,0,0,1,0
ary_test_track_c_00802,0,0,1,0,1,0
ary_test_track_c_00803,0,0,1,0,0,0
ary_test_track_c_00804,0,0,0,1,0,0
ary_test_track_c_00805,1,1,0,0,1,0
ary_test_track_c_00806,0,0,0,0,0,1
ary_test_track_c_00807,1,0,0,0,0,0
ary_test_track_c_00808,0,0,1,0,0,1
ary_test_track_c_00809,0,0,1,0,1,0
ary_test_track_c_00810,1,1,0,0,0,0
ary_test_track_c_00811,0,0,0,1,0,0
ary_test_track_c_00812,1,0,0,0,1,0
